title,url,thumbnail_url,channel name ,views ,uploaded ,description
Marvel Studios' Thor: Love and Thunder | Official Teaser,https://www.youtube.com/watch?v=tgB1wUcmbbw,https://i.ytimg.com/vi/tgB1wUcmbbw/hqdefault.jpg?sqp=-oaymwEcCPYBEIoBSFXyq4qpAw4IARUAAIhCGAFwAcABBg==&rs=AOn4CLD_8z4N0iQ-tu40b-8RECdoG66_VA,Marvel Entertainment,36M views,2 weeks ago,Here it is. ❤️ + ⚡ Marvel Studios' Thor: Love and Thunder arrives only in theaters July 8. The film finds Thor (Chris Hemsworth) on a journey unlike anything he’s ever faced –...
Obi-Wan Kenobi | Official Trailer | Disney+,https://www.youtube.com/watch?v=3Yh_6_zItPU,https://i.ytimg.com/vi/3Yh_6_zItPU/hqdefault.jpg?sqp=-oaymwEcCPYBEIoBSFXyq4qpAw4IARUAAIhCGAFwAcABBg==&rs=AOn4CLCceKndBDCwHJlR3LOrQrOuyofwOw,Star Wars,36M views,2 weeks ago,The story begins 10 years after the dramatic events of “Star Wars: Revenge of the Sith” where Obi-Wan Kenobi faced his greatest defeat—the downfall and corruption of his best friend and...
Stranger Things 4 | Official Trailer | Netflix,https://www.youtube.com/watch?v=yQEondeGvKo,https://i.ytimg.com/vi/yQEondeGvKo/hqdefault.jpg?sqp=-oaymwEcCPYBEIoBSFXyq4qpAw4IARUAAIhCGAFwAcABBg==&rs=AOn4CLCc9K0bDcghbpxLM6eVFqkzWZZX3g,Stranger Things,36M views,2 weeks ago,"It’s time. See you on the other side. Stranger Things 4 Vol. 1 premieres May 27th, only on Netflix. https://www.exploregeorgia.org/film"
THE BAD GUYS Movie Clip - Good Tonight (2022),https://www.youtube.com/watch?v=TCaUoYC_qXI,https://i.ytimg.com/vi/TCaUoYC_qXI/hqdefault.jpg?sqp=-oaymwEcCPYBEIoBSFXyq4qpAw4IARUAAIhCGAFwAcABBg==&rs=AOn4CLB8048Pmk6MRY13RyvZS2US9d_E7g,KinoCheck Family,36M views,2 weeks ago,Official The Bad Guys Movie Clip 2022 | Subscribe ➤ http://abo.yt/ki | Sam Rockwell Movie Trailer | Theaters: 22 Apr 2022 | More https://KinoCheck.com/movie/qny/the-bad-guys-2022 After a...
WEIRD: The Al Yankovic Story - teaser trailer,https://www.youtube.com/watch?v=gSPbrmIpcy0,https://i.ytimg.com/vi/gSPbrmIpcy0/hqdefault.jpg?sqp=-oaymwEcCPYBEIoBSFXyq4qpAw4IARUAAIhCGAFwAcABBg==&rs=AOn4CLCBVnjKqtukPwSF_84bP-mbkYqssg,alyankovic,36M views,2 weeks ago,
SENIOR YEAR starring Rebel Wilson | Official Trailer | Netflix,https://www.youtube.com/watch?v=HCtDkpe89aY,,Netflix,36M views,2 weeks ago,"After a cheerleader (Rebel Wilson) falls off a pyramid and into a 20 year coma, she wakes up as a 37-year-old woman, ready to return to high school, regain her status and claim the prom queen..."
"Bhool Bhulaiyaa 2 (Trailer) Kartik A, Kiara A, Tabu | Anees B, Bhushan K, Murad K, Anjum K, Pritam",https://www.youtube.com/watch?v=P2KRKxAb2ek,,T-Series,36M views,2 weeks ago,"Its Official, Bhool Bhulaiyaa2 all set to release on 20th MAY 2022, in cinemas near you! Starring Kartik Aaryan, Kiara Advani, and Tabu, the film has been directed by Anees Bazmee and written..."
Jurassic World Dominion | Trailer 2 [HD],https://www.youtube.com/watch?v=DtQycgMD4HQ,,Universal Pictures,36M views,2 weeks ago,It all comes down to this. Watch the new trailer for #JurassicWorldDominion and get tickets now. -- https://uni.pictures/JWSite https://uni.pictures/JWFB https://uni.pictures/JWTwitter https://uni...
Official Trailer | Chip n’ Dale: Rescue Rangers | Disney+,https://www.youtube.com/watch?v=F4Z0GHWHe60,,Walt Disney Studios,36M views,2 weeks ago,"“So you’re saying the Rescue Rangers are back?” YES! Chip ’n Dale: #RescueRangers, an Original movie, streaming May 20 on @DisneyPlus. “Chip ‘n Dale: Rescue Rangers” stars John..."
Lightyear | Official Trailer 2,https://www.youtube.com/watch?v=wHBBoUtJHhA,,Pixar,36M views,2 weeks ago,"You know his name, now discover his story. On June 17, see Disney and Pixar’s #Lightyear, only in theaters. Check out a new trailer for Disney and Pixar’s “Lightyear,” revealing new..."
